,BLEU,METEOR,ROUGE,TER
M2M Base,0.260184972736185,0.486152493020351,0.5101752176246854,65.919885218749
M2M FT,0.4079352696068799,0.6505758798035668,0.6740805248080859,50.59004736836553
MBart Base,0.0299948860192599,0.100678482518858,0.0545237854204509,110.12775744020932
MBart FT,0.4272862531514474,0.6602922932100608,0.6802266183801802,50.80610619375666
NLLB Base,0.0246148222940857,0.0932398748246584,0.0798180773314239,106.5418983215352
NLLB FT,0.1408447897369455,0.2885302082544906,0.2857093292103283,95.20208041017418
Opus Base,0.2289563865479023,0.5882275809065094,0.6211027679108798,101.85622804333836
OPUS FT,0.4083065035474096,0.6553636775031099,0.6760274444316383,52.92270200128707
